{
    "55 Hallwood Road, Newton, MA  02467": [
        42.3066386,
        -71.1504506
    ],
    "48 Fenno St, Cambridge, MA  02138": [
        42.3853072,
        -71.1294638
    ],
    "420 Boylston St 4th Floor, Boston, MA  02116": [
        42.35116319999999,
        -71.0726194
    ],
    "Po Box 400818, Cambridge, MA  02140": [
        42.3964457,
        -71.13593929999999
    ],
    "37 Brazil St, Melrose, MA  02176": [
        42.440995,
        -71.073163
    ],
    "2 Seaport Lane, Boston, MA  02210": [
        42.3489645,
        -71.0407695
    ],
    "40 Windsor Road, Stoneham, MA  02180": [
        42.4698999,
        -71.0827225
    ],
    "14 Dante Ave, Belmont, MA  ": [
        42.3850786,
        -71.1872206
    ],
    "115 Shore Drive, Somerville, MA  02145": [
        42.3988427,
        -71.0862652
    ],
    "907 Franklin Street, Apt 2, Melrose, MA  02176": [
        42.4702131,
        -71.0745594
    ],
    "25 Derby Lane, Tyngsboro, MA  01879": [
        42.66041269999999,
        -71.3955581
    ],
    "19 Beacon St, Boston, MA  02108": [
        42.35823389999999,
        -71.0622616
    ],
    "5 Yerxa Road, Cambridge, MA  02140": [
        42.3926931,
        -71.12936119999999
    ],
    "203 Lake View Ave, Cambridge, MA  02138": [
        42.3820934,
        -71.13958319999999
    ],
    "69 Linden Ave, Swampscott, MA  01907": [
        42.4799327,
        -70.89414579999999
    ],
    "49 Linnaean St, Cambridge, MA  02138": [
        42.3832337,
        -71.1247795
    ],
    "244 Newbury Street, Suite 2, Boston, MA  02116": [
        42.3494186,
        -71.08239739999999
    ],
    "159 Thomas Burgin Parkway, Quincy, MA  02169": [
        42.2504976,
        -71.0054754
    ],
    "2175 Massachusetts Ave., Cambridge, MA  02140": [
        42.3927775,
        -71.1245647
    ],
    "159 Monroe Road, Quincy, MA  02169": [
        42.2510971,
        -71.00794239999999
    ],
    "171 WALNUT HILL RD, CHESTNUT HILL, MA  02467": [
        42.3061205,
        -71.1575172
    ],
    "1600 Massachusetts Avenue, Apt 704, Cambridge, MA  02138": [
        42.3796963,
        -71.12032239999999
    ],
    "94 Lake View Avenue, Cambridge, MA  02138": [
        42.3790368,
        -71.1397224
    ],
    "10 Jeanette Ave, Belmont, MA  02478": [
        42.3818986,
        -71.1834006
    ],
    "120 Appleton St, Cambridge, MA  02138": [
        42.3806881,
        -71.1340081
    ],
    "23 Lawn St, Cambridge, MA  02138": [
        42.3778286,
        -71.1530606
    ],
    "Po Box 624, Billerica, MA  01821": [
        42.5465306,
        -71.2517835
    ],
    "1597 Washington Street Apt. 509, Boston, MA  02118": [
        42.3384316,
        -71.0749481
    ],
    "618 BELMONT ST, WATERTOWN, MA  02472": [
        42.379633,
        -71.1776756
    ],
    "1 Mammola Way, Medford, MA  02155": [
        42.4270984,
        -71.0982531
    ],
    "53 Greaton Road, West Roxbury, MA  02132": [
        42.2898715,
        -71.1505413
    ],
    "9 COOLIDGE HILL RD, CAMBRIDGE, MA  ": [
        42.374249,
        -71.1385244
    ],
    "15 Peabody Road, Stoneham, MA  02180": [
        42.4713904,
        -71.0993593
    ],
    "15 Foster Street, Quincy, MA  02169": [
        42.2500355,
        -71.0005137
    ],
    "20 Chesterton Road, Wellesley, MA  ": [
        42.31366149999999,
        -71.31554799999999
    ],
    "159 Burgin Parkway, Quincy, MA  02169": [
        42.2504976,
        -71.0054754
    ],
    "103 Fresh Pond Pkwy, Cambridge, MA  02138": [
        42.37972440000001,
        -71.14424009999999
    ],
    "28 Breakwater Cove, Chelsea, MA  02150": [
        42.3884507,
        -71.04979999999999
    ],
    "18 Washington St #223, Canton, MA  02021": [
        42.1395955,
        -71.1493309
    ],
    "1105 Massachusetts Ave., Cambridge, MA  02138": [
        42.3707847,
        -71.1135559
    ],
    "2A LOCUST LANE, WATERTOWN, MA  02472": [
        42.3740551,
        -71.1960596
    ],
    "269 Upland Road, Cambridge, MA  02140": [
        42.3851853,
        -71.1283989
    ],
    "87 Bigelow Ave, Watertown, MA  02472": [
        42.3682434,
        -71.1576056
    ],
    "10 Riverside Blvd, Manhattan, NY  10069": [
        40.77319910000001,
        -73.9920017
    ],
    "39 Crescent Avenue, Newton Centre, MA  02459": [
        42.3298972,
        -71.19829589999999
    ],
    "2 Warren Dr, Middleton, MA  01949": [
        42.6212722,
        -71.0027669
    ],
    "81 Wolf Pond Rd, Kingston, MA  02364": [
        41.9655762,
        -70.7472566
    ],
    "43 Harris Street, Cambridge, MA  02140": [
        42.3834636,
        -71.1136628
    ]
}